Parameter,True,Estimated
kappa,0.75,0.4717908469533991
beta_b,1.1,0.7010312556801436
T0,0.7,0.4448819955083892
tau,0.6,0.37027869077032993
sigma,0.55,0.375225474340092
